{
  "f": [
    20,
    25,
    31.5,
    40,
    50,
    63,
    80,
    100,
    125,
    160,
    200,
    250,
    315,
    400,
    500,
    630,
    800,
    1000,
    1250,
    1600,
    2000,
    2500,
    3150,
    4000,
    5000,
    6300,
    8000,
    10000,
    12500,
    16000,
    20000
  ],
  "T": 19.5,
  "H": 41.7,
  "P": 101325,
  "air_att": [
    3.5558339055473586E-6,
    5.53985294577633E-6,
    8.7535896524699217E-6,
    1.4005899918847729E-5,
    2.1636536774602449E-5,
    3.3728202822675884E-5,
    5.2808871902904171E-5,
    7.91297387810769E-5,
    0.00011624214215338322,
    0.00017237133580955198,
    0.0002373772462393864,
    0.00031419944549471456,
    0.00040253541809469871,
    0.00049984970053656855,
    0.00059708809412268985,
    0.0007117979822665228,
    0.00086245768008909123,
    0.0010584941744421362,
    0.0013459976646735268,
    0.0018398832406933826,
    0.002541816763285036,
    0.0036281292162293646,
    0.0053844863415649924,
    0.0082536208877262932,
    0.012423203395362854,
    0.019036221694788975,
    0.029488369126736615,
    0.043943236709205094,
    0.064403650231121448,
    0.095549311376597834,
    0.13198798424607416
  ],
  "sound_speed": 343.57388540481975,
  "source": {
    "position": [
      0.119,
      2.88,
      1.203
    ]
  },
  "receiver": {
    "position": [
      0.439,
      -0.147,
      1.23
    ]
  },
  "materials": {
    "mat_scene09_concrete": {
      "absorption": [
        0.1,
        0.1,
        0.1,
        0.1,
        0.1,
        0.1,
        0.1,
        0.1,
        0.1,
        0.1,
        0.1,
        0.1,
        0.1,
        0.1,
        0.1,
        0.1,
        0.1,
        0.1,
        0.1,
        0.1,
        0.1,
        0.1,
        0.1,
        0.1,
        0.1,
        0.1,
        0.1,
        0.1,
        0.1,
        0.1,
        0.1
      ],
      "scattering": [
        0.08,
        0.08,
        0.08,
        0.08,
        0.08,
        0.08,
        0.08,
        0.08,
        0.08,
        0.08,
        0.08,
        0.08,
        0.08,
        0.08,
        0.08,
        0.08,
        0.08,
        0.08,
        0.08,
        0.08,
        0.08,
        0.08,
        0.08,
        0.08,
        0.08,
        0.08,
        0.08,
        0.08,
        0.08,
        0.08,
        0.08
      ]
    },
    "mat_scene09_windows": {
      "absorption": [
        0.202,
        0.161,
        0.155,
        0.139,
        0.131,
        0.119,
        0.129,
        0.105,
        0.101,
        0.099,
        0.103,
        0.067,
        0.075,
        0.081,
        0.057,
        0.04,
        0.054,
        0.066,
        0.093,
        0.093,
        0.155,
        0.12,
        0.079,
        0.087,
        0.114,
        0.116,
        0.116,
        0.117,
        0.119,
        0.121,
        0.125
      ],
      "scattering": [
        0.003,
        0.003,
        0.004,
        0.004,
        0.004,
        0.005,
        0.005,
        0.006,
        0.006,
        0.007,
        0.007,
        0.008,
        0.009,
        0.009,
        0.01,
        0.011,
        0.012,
        0.014,
        0.015,
        0.016,
        0.018,
        0.019,
        0.021,
        0.023,
        0.025,
        0.027,
        0.03,
        0.05,
        0.085,
        0.142,
        0.293
      ]
    },
    "mat_scene09_ceiling": {
      "absorption": [
        0.1,
        0.1,
        0.1,
        0.1,
        0.1,
        0.1,
        0.1,
        0.1,
        0.1,
        0.1,
        0.1,
        0.1,
        0.1,
        0.1,
        0.1,
        0.1,
        0.1,
        0.1,
        0.1,
        0.1,
        0.1,
        0.1,
        0.1,
        0.1,
        0.1,
        0.1,
        0.1,
        0.1,
        0.1,
        0.1,
        0.1
      ],
      "scattering": [
        0.08,
        0.08,
        0.08,
        0.08,
        0.08,
        0.08,
        0.08,
        0.08,
        0.08,
        0.08,
        0.08,
        0.08,
        0.08,
        0.08,
        0.08,
        0.08,
        0.08,
        0.08,
        0.08,
        0.08,
        0.08,
        0.08,
        0.08,
        0.08,
        0.08,
        0.08,
        0.08,
        0.08,
        0.08,
        0.08,
        0.08
      ]
    },
    "mat_scene09_plaster": {
      "absorption": [
        0.029,
        0.036,
        0.043,
        0.047,
        0.044,
        0.04,
        0.032,
        0.024,
        0.019,
        0.02,
        0.029,
        0.046,
        0.062,
        0.061,
        0.046,
        0.05,
        0.051,
        0.051,
        0.053,
        0.053,
        0.056,
        0.058,
        0.059,
        0.057,
        0.058,
        0.063,
        0.062,
        0.108,
        0.111,
        0.117,
        0.126
      ],
      "scattering": [
        0.006,
        0.007,
        0.007,
        0.008,
        0.009,
        0.009,
        0.01,
        0.011,
        0.012,
        0.013,
        0.015,
        0.016,
        0.017,
        0.019,
        0.021,
        0.023,
        0.025,
        0.027,
        0.03,
        0.032,
        0.035,
        0.039,
        0.042,
        0.046,
        0.05,
        0.055,
        0.06,
        0.101,
        0.169,
        0.284,
        0.586
      ]
    },
    "mat_scene09_floor": {
      "absorption": [
        0.026,
        0.034,
        0.041,
        0.047,
        0.047,
        0.046,
        0.042,
        0.04,
        0.041,
        0.049,
        0.063,
        0.084,
        0.103,
        0.109,
        0.082,
        0.079,
        0.077,
        0.075,
        0.076,
        0.075,
        0.072,
        0.071,
        0.069,
        0.068,
        0.068,
        0.071,
        0.072,
        0.076,
        0.082,
        0.094,
        0.114
      ],
      "scattering": [
        0.002,
        0.002,
        0.002,
        0.003,
        0.003,
        0.003,
        0.003,
        0.004,
        0.004,
        0.004,
        0.005,
        0.005,
        0.006,
        0.006,
        0.007,
        0.008,
        0.008,
        0.009,
        0.01,
        0.011,
        0.012,
        0.013,
        0.014,
        0.015,
        0.017,
        0.018,
        0.02,
        0.034,
        0.056,
        0.095,
        0.195
      ]
    }
  },
  "etc_step": 0.002,
  "etc_duration": 2
}